Terms,docFreq,postList
abad,6,"[44, 29, 47, 59, 59, 2]"
abdul,2,"[46, 48]"
acara,3,"[30, 30, 65]"
ada,16,"[28, 4, 36, 56, 10, 11, 70, 63, 69, 68, 14, 6, 57, 54, 35, 35]"
adalah,20,"[18, 73, 44, 83, 37, 58, 45, 57, 41, 30, 85, 47, 38, 77, 33, 82, 65, 35, 15, 27]"
adaptasi,1,[78]
adat,2,"[58, 58]"
adrenalin,2,"[17, 9]"
advanture,1,[34]
agak,1,[81]
agama,2,"[1, 48]"
agendakan,1,[7]
agro,2,"[18, 32]"
agung,4,"[49, 64, 40, 49]"
air,24,"[19, 67, 60, 19, 21, 21, 58, 24, 13, 5, 30, 50, 37, 23, 3, 13, 13, 30, 13, 31, 17, 17, 16, 38]"
airnya,2,"[67, 17]"
aja,3,"[4, 68, 71]"
ajak,1,[13]
akan,8,"[17, 35, 23, 34, 14, 21, 40, 70]"
akar,1,[59]
akhir,5,"[34, 60, 33, 59, 9]"
akhirnya,1,[48]
akibat,1,[48]
akomodasi,1,[27]
akses,2,"[61, 13]"
aksesoris,1,[50]
aksi,1,[57]
aktivitas,4,"[42, 61, 59, 28]"
ala,1,[9]
alam,10,"[64, 31, 42, 30, 16, 33, 0, 67, 30, 30]"
alami,5,"[16, 34, 30, 47, 66]"
alas,1,[14]
alot,1,[81]
alter,1,[44]
alternatif,1,[30]
aman,1,[27]
ambarawa,16,"[30, 76, 26, 12, 26, 26, 26, 22, 12, 12, 74, 20, 20, 73, 20, 73]"
an,2,"[75, 52]"
anak,16,"[23, 23, 56, 24, 54, 54, 61, 27, 18, 36, 5, 9, 27, 17, 61, 36]"
and,2,"[18, 34]"
anda,21,"[29, 56, 56, 63, 59, 52, 16, 31, 59, 29, 61, 59, 21, 59, 16, 46, 63, 59, 21, 63, 45]"
aneka,5,"[68, 32, 27, 16, 5]"
anggun,1,[44]
angin,2,"[15, 53]"
angklung,1,[16]
angkutan,1,[58]
anna,1,[55]
antar,1,[29]
antara,8,"[60, 59, 68, 54, 18, 43, 16, 45]"
antaranya,1,[15]
antik,3,"[35, 33, 62]"
apa,2,"[3, 4]"
apakah,1,[72]
api,3,"[62, 20, 20]"
arab,2,"[45, 48]"
arabika,1,[71]
arang,1,[48]
area,9,"[36, 29, 24, 31, 47, 59, 67, 22, 30]"
aren,3,"[37, 16, 81]"
arena,1,[23]
argo,4,"[17, 17, 17, 17]"
aristokrat,1,[44]
arkeologi,1,[46]
arsitek,3,"[55, 62, 62]"
arsitekstunya,1,[35]
arsitektur,11,"[35, 47, 44, 44, 44, 26, 48, 49, 44, 50, 59]"
art,2,"[62, 59]"
artikel,1,[59]
artinya,1,[29]
asalnya,1,[15]
asia,1,[47]
asin,1,[77]
asisten,1,[48]
asli,3,"[47, 7, 15]"
asmaul,1,[49]
aspal,1,[27]
asri,1,[56]
assumpta,1,[12]
asuransi,1,[59]
asyik,1,[11]
at,1,[51]
atap,5,"[2, 44, 49, 47, 48]"
atas,5,"[44, 21, 20, 74, 6]"
atasnya,1,[81]
atau,19,"[62, 28, 48, 58, 57, 54, 25, 10, 64, 74, 58, 21, 58, 69, 43, 42, 37, 3, 84]"
ati,1,[75]
atraksi,2,"[16, 16]"
atv,4,"[28, 24, 34, 10]"
avalokitesvara,1,[50]
awal,3,"[59, 53, 1]"
awalnya,2,"[52, 44]"
ayam,3,"[63, 78, 84]"
ayo,2,"[14, 5]"
ayoo,1,[5]
ayunan,1,[14]
babadan,1,[77]
babat,4,"[75, 80, 80, 80]"
baca,1,[59]
bag,1,[10]
bagai,1,[34]
bagaikan,1,[19]
bagaimana,2,"[40, 10]"
bagi,12,"[27, 22, 59, 58, 36, 36, 27, 66, 31, 56, 28, 72]"
bagian,7,"[2, 2, 22, 21, 57, 48, 49]"
bahan,4,"[80, 16, 81, 83]"
bahasa,3,"[62, 29, 19]"
bahkan,1,[12]
baik,3,"[47, 52, 21]"
bakal,2,"[7, 72]"
bakau,1,[53]
bakso,3,"[63, 77, 77]"
baku,1,[81]
bakwan,1,[83]
baladewa,1,[37]
balemong,2,"[35, 35]"
bali,1,[40]
balok,1,[81]
bambu,3,"[21, 68, 16]"
ban,1,[10]
banaran,4,"[18, 18, 18, 18]"
bandeng,4,"[79, 79, 79, 79]"
bandungan,9,"[70, 15, 76, 7, 34, 28, 69, 28, 76]"
banget,1,[9]
bangsa,1,[26]
bangunan,16,"[20, 52, 52, 49, 27, 44, 68, 44, 29, 62, 50, 26, 33, 47, 62, 50]"
banjir,2,"[67, 67]"
bank,1,[59]
bantalan,1,[10]
bantuan,4,"[57, 48, 57, 57]"
banyak,13,"[22, 11, 83, 36, 59, 28, 69, 62, 11, 34, 28, 4, 47]"
banyu,1,[30]
banyubiru,5,"[72, 14, 2, 25, 72]"
banyukuning,1,[15]
barang,2,"[35, 26]"
barat,3,"[17, 77, 3]"
bareng,2,"[9, 5]"
barong,1,[41]
barouque,1,[44]
baru,5,"[70, 13, 45, 14, 39]"
basah,1,[6]
basahan,1,[6]
batu,4,"[44, 55, 47, 54]"
batur,2,"[10, 10]"
bawah,4,"[44, 62, 24, 57]"
bawang,1,[82]
bawen,5,"[77, 32, 18, 18, 9]"
baxo,2,"[77, 77]"
bebatuan,1,[16]
beberapa,12,"[23, 45, 18, 47, 59, 54, 61, 56, 76, 9, 57, 16]"
becak,1,[60]
beda,1,[21]
begitu,2,"[2, 50]"
belanda,8,"[57, 20, 59, 62, 55, 52, 41, 62]"
beli,1,[76]
beliau,1,[1]
bemacam,1,[78]
benang,2,"[19, 19]"
bencana,1,[67]
benda,4,"[38, 38, 51, 51]"
bendungan,1,[67]
benggala,1,[54]
benih,1,[32]
bentang,1,[16]
bentuk,2,"[44, 26]"
bentuknya,1,[81]
berada,11,"[34, 61, 38, 39, 27, 40, 5, 65, 14, 53, 15]"
beragam,7,"[79, 63, 60, 15, 16, 75, 52]"
berani,1,[42]
beraroma,2,"[86, 85]"
berarsitektur,1,[62]
berarti,4,"[64, 62, 29, 62]"
beras,1,[80]
berasal,4,"[37, 64, 29, 74]"
berbagai,10,"[80, 73, 36, 56, 28, 80, 1, 24, 27, 26]"
berbalut,1,[33]
berbasis,1,[1]
berbau,1,[17]
berbeda,5,"[21, 47, 23, 74, 44]"
berbentuk,4,"[57, 81, 49, 44]"
berbulan,1,[55]
bercat,1,[56]
bercocok,1,[16]
berdakwah,1,[1]
berdasarkan,1,[2]
berdekatan,1,[37]
berdiri,2,"[51, 50]"
berdirinya,1,[1]
berdoa,2,"[8, 22]"
berenang,1,[5]
berfoto,5,"[14, 45, 56, 56, 3]"
berfungsi,2,"[47, 40]"
bergaya,2,"[44, 59]"
bergelombang,1,[66]
beribadah,1,[39]
berisi,2,"[85, 75]"
berjalan,1,[59]
berjarak,3,"[30, 60, 25]"
berjauhan,1,[29]
berjuang,1,[26]
berkaitan,1,[51]
berkeliling,2,"[43, 61]"
berkelok,1,[27]
berkemah,3,"[56, 29, 0]"
berkesenian,1,[40]
berkonsep,1,[34]
berkunjung,4,"[30, 40, 77, 43]"
berlama,2,"[25, 66]"
berlapis,2,"[48, 47]"
berliku,1,[21]
berlokasi,3,"[19, 55, 28]"
bermain,4,"[13, 9, 18, 42]"
bermotor,2,"[13, 53]"
bernama,2,"[36, 26]"
bernuansa,1,[32]
berolahraga,1,[28]
berpadu,1,[66]
berpusat,1,[18]
bersama,7,"[61, 33, 10, 1, 3, 60, 7]"
bersandar,1,[14]
bersantai,1,[10]
bersejarah,1,[59]
berselera,1,[5]
bersumber,1,[17]
bertabur,1,[81]
bertahan,1,[84]
bertaraf,1,[66]
berubah,1,[52]
berukuran,1,[59]
berupa,5,"[55, 30, 65, 62, 17]"
berusia,1,[59]
berwarna,2,"[76, 81]"
berwisata,1,[59]
berwujud,1,[57]
berziarah,1,[8]
besar,5,"[81, 59, 9, 48, 67]"
besarnya,1,[6]
besi,1,[14]
betah,3,"[25, 66, 7]"
beternak,1,[16]
beton,1,[55]
biasa,4,"[25, 25, 84, 43]"
biasanya,2,"[58, 82]"
biaya,1,[36]
bibit,1,[32]
bidadari,1,[21]
bikin,4,"[69, 5, 72, 7]"
billiard,1,[24]
bin,1,[41]
bintoro,1,[1]
biru,1,[30]
bisa,26,"[67, 4, 13, 27, 27, 5, 5, 6, 6, 6, 54, 29, 46, 0, 13, 42, 7, 56, 9, 85, 10, 10, 85, 11, 13, 28]"
blanten,1,[17]
blauwboer,1,[55]
blenduk,2,"[59, 44]"
blume,1,[48]
boleh,1,[72]
bolodewo,3,"[37, 37, 37]"
bond,1,[28]
bonjol,1,[57]
boom,1,[54]
brawijaya,2,"[2, 2]"
brigde,1,[34]
bu,2,"[77, 77]"
buah,6,"[32, 32, 24, 46, 32, 43]"
buahan,1,[43]
buat,1,[4]
buatan,1,[27]
bubakan,1,[38]
budaya,8,"[59, 16, 26, 47, 65, 30, 59, 46]"
buka,9,"[17, 77, 77, 51, 17, 17, 36, 68, 77]"
bukan,1,[43]
bukit,3,"[25, 25, 27]"
bulan,2,"[55, 30]"
bumbu,2,"[72, 86]"
bumbung,1,[16]
bunda,2,"[22, 12]"
bundaran,1,[38]
bunga,5,"[15, 15, 15, 15, 15]"
bungkus,1,[76]
bupati,1,[48]
buruan,1,[1]
burung,1,[56]
bus,2,"[46, 46]"
butterfly,1,[28]
cabe,1,[69]
caf,1,[28]
cagar,2,"[59, 59]"
cairan,1,[74]
camilan,1,[69]
campuran,3,"[82, 49, 83]"
candi,14,"[29, 2, 29, 2, 2, 11, 29, 15, 29, 2, 2, 2, 29, 29]"
cantiknya,1,[21]
cap,4,"[78, 78, 78, 78]"
caping,2,"[16, 42]"
car,1,[59]
cara,1,[79]
cari,5,"[9, 4, 4, 71, 13]"
catur,2,"[6, 6]"
caving,1,[10]
celosia,3,"[15, 15, 15]"
cenderung,4,"[74, 34, 74, 47]"
cendrawasih,2,"[38, 80]"
cengkih,1,[81]
center,1,[24]
ceplok,1,[83]
cheng,3,"[47, 47, 47]"
chocomory,1,[36]
cimory,2,"[36, 36]"
cina,4,"[47, 47, 47, 47]"
cinta,2,"[25, 25]"
ciri,1,[44]
cita,2,"[74, 77]"
clubhouse,1,[66]
cm,4,"[17, 17, 23, 23]"
cobain,3,"[7, 6, 5]"
cocok,9,"[54, 31, 28, 27, 27, 31, 24, 71, 61]"
cocolan,1,[69]
coffee,1,[18]
cokelat,6,"[36, 36, 36, 36, 81, 36]"
coklat,1,[80]
cokrodipuro,1,[48]
com,1,[54]
convention,2,"[28, 18]"
corner,1,[36]
cothot,2,"[70, 70]"
court,1,[18]
cukup,10,"[29, 29, 21, 8, 25, 28, 17, 53, 17, 55]"
cuma,3,"[7, 71, 11]"
curam,1,[19]
curug,12,"[21, 21, 37, 21, 19, 19, 13, 37, 16, 13, 37, 13]"
cuss,1,[0]
daerah,11,"[83, 76, 76, 83, 83, 37, 58, 47, 47, 1, 58]"
daging,1,[75]
dahulu,2,"[76, 28]"
dalam,11,"[19, 80, 49, 62, 49, 38, 62, 57, 26, 57, 41]"
dalamnya,1,[70]
dan,174,"[84, 71, 33, 17, 71, 59, 61, 42, 83, 18, 17, 73, 31, 2, 18, 18, 43, 59, 83, 43, 32, 43, 72, 32, 31, 60, 86, 59, 44, 10, 17, 72, 20, 59, 44, 28, 47, 81, 47, 47, 52, 81, 47, 28, 28, 54, 54, 24, 24, 77, 54, 54, 28, 25, 54, 47, 78, 49, 80, 5, 27, 80, 5, 27, 50, 26, 48, 80, 27, 27, 50, 27, 51, 4, 78, 27, 24, 47, 77, 57, 21, 75, 58, 21, 58, 46, 58, 22, 45, 45, 59, 30, 74, 20, 30, 10, 59, 74, 76, 57, 76, 55, 47, 24, 77, 24, 47, 29, 76, 23, 56, 76, 56, 23, 23, 29, 62, 46, 82, 57, 59, 17, 27, 41, 40, 35, 0, 13, 41, 36, 16, 34, 36, 38, 15, 62, 65, 37, 39, 35, 62, 63, 65, 65, 64, 16, 16, 63, 35, 85, 62, 16, 68, 65, 36, 85, 14, 34, 41, 69, 36, 84, 65, 35, 86, 34, 38, 16, 12, 68, 35, 33, 14, 67]"
danau,1,[67]
danuwo,1,[5]
dapat,46,"[20, 38, 32, 29, 43, 16, 36, 39, 53, 36, 59, 63, 59, 44, 84, 18, 63, 63, 52, 56, 35, 53, 4, 43, 26, 43, 59, 36, 76, 33, 80, 84, 45, 37, 75, 79, 61, 16, 33, 58, 82, 60, 22, 63, 67, 82]"
daratan,1,[47]
dari,69,"[28, 59, 11, 33, 52, 82, 73, 36, 70, 76, 44, 60, 59, 19, 8, 47, 68, 66, 58, 44, 26, 58, 27, 30, 29, 17, 80, 24, 7, 74, 15, 20, 41, 6, 46, 57, 29, 64, 53, 21, 47, 74, 32, 29, 27, 72, 25, 86, 38, 23, 45, 56, 34, 37, 66, 84, 46, 12, 50, 50, 17, 48, 61, 30, 74, 1, 37, 9, 83]"
datang,6,"[5, 77, 15, 4, 68, 16]"
dataran,1,[34]
daya,3,"[64, 62, 5]"
de,2,"[59, 44]"
deco,1,[62]
deh,2,"[7, 6]"
dekat,2,"[20, 47]"
dekoratif,1,[59]
demak,2,"[64, 1]"
demikian,2,"[21, 29]"
dengan,88,"[43, 47, 84, 58, 66, 13, 35, 13, 48, 27, 23, 46, 77, 32, 60, 20, 45, 30, 84, 60, 23, 50, 53, 54, 44, 15, 76, 37, 69, 33, 17, 62, 67, 67, 55, 82, 34, 24, 64, 33, 13, 17, 49, 21, 47, 84, 77, 58, 21, 49, 59, 0, 79, 50, 28, 44, 44, 44, 81, 76, 31, 31, 78, 13, 66, 47, 68, 86, 44, 51, 23, 2, 86, 26, 28, 84, 73, 10, 66, 78, 22, 82, 26, 32, 36, 67, 59, 14]"
dengar,1,[70]
denok,1,[16]
depan,4,"[49, 82, 73, 54]"
desa,27,"[30, 1, 33, 31, 16, 19, 42, 16, 2, 13, 3, 43, 37, 25, 1, 15, 43, 16, 14, 43, 16, 43, 42, 20, 17, 21, 34]"
desain,1,[44]
destinasi,3,"[17, 33, 60]"
dewa,1,[39]
dewasa,3,"[17, 23, 5]"
dewi,2,"[39, 50]"
dhuwur,1,[82]
di,175,"[76, 1, 56, 56, 7, 8, 65, 55, 35, 22, 8, 76, 56, 47, 82, 56, 76, 3, 1, 55, 26, 52, 66, 0, 28, 66, 6, 68, 27, 67, 51, 27, 67, 6, 50, 80, 14, 5, 27, 49, 49, 27, 14, 14, 79, 79, 49, 67, 49, 80, 50, 49, 66, 26, 47, 24, 29, 55, 15, 55, 37, 66, 54, 85, 3, 0, 54, 54, 15, 25, 66, 54, 68, 14, 25, 3, 25, 53, 36, 47, 25, 78, 66, 53, 6, 15, 81, 3, 22, 2, 39, 17, 11, 63, 20, 17, 83, 75, 74, 71, 16, 63, 61, 1, 34, 3, 31, 64, 2, 43, 38, 45, 46, 59, 59, 3, 82, 70, 34, 82, 82, 30, 12, 13, 58, 34, 10, 32, 21, 40, 61, 64, 30, 57, 33, 22, 64, 20, 10, 41, 63, 70, 31, 11, 10, 60, 19, 57, 40, 59, 57, 59, 73, 84, 73, 62, 18, 36, 58, 42, 30, 13, 46, 10, 22, 57, 82, 44, 59, 9, 57, 21, 82, 44, 29]"
diabadikan,1,[44]
diadakan,2,"[30, 56]"
diajak,1,[31]
diakses,1,[58]
diambil,1,[46]
diantara,2,"[27, 24]"
dibanderol,1,[28]
dibandrol,1,[76]
dibangun,11,"[47, 52, 50, 62, 44, 2, 57, 39, 22, 20, 48]"
dibawa,1,[50]
dibeli,2,"[35, 84]"
dibuat,1,[82]
dibungkus,1,[84]
dicairkan,1,[74]
dicampur,1,[37]
dicat,1,[47]
dicoba,1,[28]
didalamnya,1,[35]
didasari,1,[67]
didatangi,1,[64]
didatangkan,1,[15]
didesain,2,"[15, 67]"
didirikan,3,"[44, 48, 51]"
digoreng,4,"[84, 86, 76, 84]"
digowes,1,[63]
digunakan,6,"[65, 29, 62, 62, 58, 62]"
diguyur,1,[83]
dihuni,1,[47]
diinginkan,1,[25]
diisi,3,"[77, 84, 86]"
dijadikan,1,[56]
dijangkau,1,[9]
dijual,1,[82]
dijuluki,1,[66]
dijumpai,1,[16]
dikarenakan,1,[17]
dikatakan,1,[37]
dikenakan,1,[36]
dikenal,9,"[76, 1, 47, 28, 43, 57, 46, 75, 48]"
dikunjungi,2,"[59, 34]"
dikutip,1,[59]
dilaksanakan,2,"[55, 30]"
dilakukan,3,"[55, 55, 17]"
dilalui,1,[13]
dilengkapi,8,"[27, 33, 34, 60, 23, 58, 26, 17]"
dilihat,1,[44]
dimahkotai,1,[47]
dimakamkan,1,[41]
dimakan,1,[70]
dimana,2,"[36, 54]"
dimanfaatkan,1,[30]
dimasak,1,[79]
dimiliki,1,[66]
dinamakan,3,"[37, 19, 81]"
dinasti,1,[29]
dingin,1,[34]
dinikmati,1,[76]
diolah,1,[81]
dipecahkan,1,[51]
dipengaruhi,1,[47]
diperbolehkan,2,"[14, 14]"
dipergunakan,1,[26]
diperoleh,3,"[85, 80, 79]"
dipetik,1,[32]
diponegoro,2,"[77, 75]"
diproduksi,2,"[58, 77]"
dipuro,1,[1]
diracik,1,[86]
diragukan,1,[15]
dirancang,2,"[55, 49]"
diresmikan,2,"[55, 62]"
diri,1,[8]
disajikan,4,"[73, 84, 84, 82]"
disamping,1,[30]
disana,1,[36]
disebut,2,"[19, 49]"
disediakan,2,"[22, 23]"
diselenggarakan,1,[59]
disewa,1,[67]
disinggahi,1,[2]
disini,1,[25]
disiramkan,1,[74]
disuguhi,1,[21]
disuguhkan,1,[34]
ditaburi,1,[82]
ditata,1,[38]
ditawarkan,1,[43]
ditempuh,2,"[27, 27]"
ditemui,1,[83]
ditemukan,4,"[29, 2, 82, 37]"
ditukar,1,[36]
diyakini,1,[2]
dll,5,"[78, 9, 63, 56, 80]"
doa,1,[22]
drama,1,[65]
drumblek,1,[16]
dua,3,"[37, 13, 63]"
duduk,1,[22]
duku,1,[41]
dukuh,2,"[2, 2]"
dulu,3,"[3, 16, 84]"
dunia,3,"[51, 15, 38]"
duri,1,[79]
durian,1,[80]
dusun,4,"[16, 9, 9, 17]"
eco,1,[3]
ecotour,1,[16]
edu,2,"[16, 3]"
education,2,"[18, 34]"
edukasi,6,"[54, 54, 7, 36, 26, 18]"
effiel,1,[15]
ekonomis,1,[69]
ekor,1,[64]
eksotis,1,[25]
elegan,1,[27]
elemen,3,"[50, 50, 59]"
emang,1,[4]
ember,1,[23]
embung,1,[3]
empat,8,"[50, 59, 64, 23, 50, 17, 59, 49]"
enak,2,"[70, 76]"
eropa,8,"[35, 9, 44, 44, 59, 15, 15, 35]"
even,2,"[62, 62]"
event,1,[18]
exit,1,[9]
family,1,[28]
farm,1,[36]
fasad,1,[45]
fasilitas,11,"[28, 27, 27, 58, 39, 27, 60, 54, 18, 24, 60]"
fauna,1,[54]
favorit,1,[23]
flora,1,[54]
flying,3,"[34, 27, 28]"
follow,8,"[46, 0, 1, 2, 69, 4, 3, 6]"
foto,15,"[37, 25, 71, 73, 25, 22, 71, 21, 76, 67, 32, 7, 36, 23, 51]"
fotografi,2,"[25, 27]"
fountain,2,"[23, 23]"
fox,3,"[34, 27, 28]"
free,1,[59]
fun,1,[24]
fungsi,2,"[20, 52]"
ga,1,[7]
gajah,4,"[49, 54, 6, 84]"
galeri,2,"[33, 35]"
gallery,1,[59]
gambyong,1,[16]
gang,1,[39]
gangsing,1,[16]
ganjel,2,"[81, 81]"
garden,1,[7]
gardening,1,[28]
gathering,1,[24]
gatot,1,[32]
gaya,4,"[44, 47, 44, 49]"
gayamsari,1,[49]
gazebo,1,[60]
gazibu,1,[27]
gedong,4,"[29, 15, 4, 2]"
gedongsongo,5,"[11, 11, 29, 29, 11]"
gedung,17,"[47, 62, 59, 59, 52, 62, 52, 62, 59, 59, 59, 82, 59, 24, 59, 62, 62]"
gedungnya,1,[59]
gemawang,1,[19]
gemblog,1,[70]
gemblong,1,[70]
gendar,1,[43]
generasi,1,[51]
gepuk,1,[16]
gereja,6,"[44, 44, 44, 44, 44, 59]"
getasan,2,"[10, 10]"
gi,1,[48]
gigit,1,[70]
gimbal,5,"[83, 83, 63, 83, 83]"
ginjal,1,[75]
giri,1,[40]
giu,1,[39]
glamping,2,"[10, 11]"
gmka,2,"[12, 12]"
go,5,"[78, 78, 78, 59, 78]"
goa,2,"[27, 64]"
gogik,1,[31]
golf,4,"[66, 66, 66, 66]"
golfer,2,"[66, 66]"
gombel,4,"[66, 66, 66, 66]"
goreng,6,"[73, 82, 83, 69, 69, 78]"
gowes,1,[63]
gpib,1,[44]
grand,3,"[58, 45, 45]"
gratis,1,[46]
gua,11,"[64, 64, 8, 8, 12, 12, 22, 22, 22, 64, 47]"
gubernur,1,[20]
gugusan,3,"[25, 20, 27]"
gula,7,"[16, 70, 37, 70, 81, 74, 59]"
gumuk,2,"[14, 14]"
gunung,12,"[1, 24, 29, 3, 31, 66, 31, 68, 35, 31, 17, 23]"
gunungpati,1,[67]
gurih,5,"[76, 86, 77, 74, 74]"
ha,2,"[24, 28]"
habib,3,"[41, 41, 41]"
hadir,2,"[16, 53]"
hadirnya,1,[66]
hal,2,"[44, 55]"
hall,2,"[28, 18]"
halloween,1,[11]
hamengkubuwono,1,[41]
hammock,1,[56]
hamparan,2,"[27, 30]"
hanya,8,"[46, 13, 9, 13, 53, 84, 17, 2]"
harga,6,"[13, 76, 69, 68, 17, 60]"
hari,20,"[51, 78, 25, 68, 51, 84, 78, 17, 25, 57, 65, 27, 36, 63, 17, 63, 17, 82, 65, 59]"
harimau,1,[54]
harum,1,[86]
harus,2,"[29, 21]"
hasan,5,"[1, 41, 41, 41, 1]"
hayooo,1,[70]
hektar,1,[66]
hektare,1,[67]
heran,1,[17]
heroik,1,[57]
hias,2,"[63, 63]"
hidangan,3,"[78, 82, 27]"
hidup,1,[1]
hidupnya,1,[41]
hiils,1,[33]
hijau,2,"[21, 7]"
hijaunya,1,[36]
hill,2,"[11, 11]"
hills,1,[33]
hindia,2,"[57, 59]"
hingga,10,"[36, 59, 79, 51, 23, 11, 1, 18, 17, 17]"
ho,3,"[47, 47, 47]"
hokri,1,[39]
hortimart,3,"[32, 32, 32]"
hotel,2,"[18, 28]"
hubungi,1,[35]
hujan,1,[69]
husna,1,[49]
hutan,4,"[21, 56, 53, 56]"
ia,2,"[41, 41]"
ialah,6,"[81, 61, 59, 54, 16, 73]"
ibadah,1,[47]
ibnu,1,[48]
ibukota,1,[47]
icip,2,"[3, 3]"
id,1,[59]
ii,1,[41]
ijuk,1,[43]
ikan,3,"[79, 79, 30]"
ikon,2,"[15, 13]"
im,1,[50]
imam,1,[57]
imlek,3,"[39, 78, 78]"
immanuel,1,[44]
in,1,[52]
indah,8,"[35, 16, 28, 12, 7, 21, 31, 30]"
indische,1,[62]
indonesia,7,"[51, 83, 12, 78, 46, 51, 26]"
indoor,1,[18]
indrokilo,2,"[3, 16]"
industri,2,"[51, 58]"
info,9,"[69, 33, 1, 6, 24, 0, 4, 2, 3]"
informasi,6,"[34, 35, 35, 62, 16, 43]"
ingat,1,[14]
ingin,7,"[29, 22, 56, 43, 28, 27, 16]"
inhouse,1,[27]
ini,76,"[66, 29, 67, 13, 37, 44, 33, 28, 85, 38, 48, 51, 47, 52, 30, 17, 44, 61, 53, 54, 77, 37, 65, 38, 31, 17, 51, 47, 67, 43, 36, 67, 37, 62, 27, 76, 50, 44, 70, 20, 48, 46, 62, 59, 40, 21, 5, 20, 58, 84, 15, 70, 21, 49, 66, 50, 26, 82, 48, 19, 82, 44, 39, 16, 51, 62, 29, 74, 22, 36, 33, 14, 66, 48, 62, 22]"
inilah,1,[74]
instagram,4,"[54, 54, 42, 46]"
instagrammable,3,"[11, 9, 11]"
instragramnya,1,[69]
instruksi,1,[20]
internasional,1,[66]
iriban,1,[16]
irisan,1,[78]
isdiman,2,"[26, 26]"
isian,1,[75]
islam,3,"[49, 49, 1]"
iso,1,[75]
istimewa,4,"[72, 27, 78, 18]"
itu,10,"[83, 34, 55, 51, 32, 47, 53, 47, 59, 10]"
iya,2,"[6, 10]"
jacob,1,[62]
jadi,1,[13]
jadilah,1,[64]
jadwal,1,[46]
jago,2,"[51, 51]"
jahe,1,[85]
jajanan,2,"[16, 63]"
jalan,17,"[27, 80, 22, 3, 61, 21, 20, 27, 49, 3, 10, 27, 26, 79, 80, 30, 27]"
jalur,2,"[27, 59]"
jam,3,"[46, 25, 36]"
jamu,5,"[51, 51, 51, 43, 43]"
jangan,4,"[69, 2, 59, 71]"
jantung,1,[28]
jaran,1,[16]
jasa,2,"[26, 29]"
jasanya,1,[47]
jateng,1,[53]
jati,1,[64]
jatibarang,2,"[67, 67]"
jatuh,2,"[10, 19]"
jauh,6,"[15, 8, 48, 56, 15, 47]"
jawa,28,"[49, 74, 49, 46, 35, 49, 66, 45, 49, 49, 66, 58, 10, 26, 47, 73, 44, 47, 44, 35, 47, 78, 62, 29, 66, 20, 66, 19]"
jawabannya,1,[4]
jawabnya,1,[9]
jawi,1,[68]
jaya,2,"[51, 51]"
jejak,1,[59]
jelajah,1,[3]
jelang,1,[39]
jembatan,5,"[14, 56, 14, 14, 21]"
jendela,1,[59]
jenis,2,"[15, 82]"
jepang,2,"[45, 11]"
jernih,3,"[16, 67, 17]"
jika,3,"[27, 74, 59]"
jiwasraya,2,"[59, 59]"
jl,22,"[59, 77, 84, 84, 57, 84, 65, 85, 57, 82, 41, 18, 77, 35, 38, 57, 84, 75, 57, 46, 77, 32]"
jln,1,[66]
jogja,1,[20]
joglo,4,"[33, 26, 33, 33]"
johannes,1,[44]
johar,1,[48]
juga,39,"[57, 47, 13, 18, 59, 22, 23, 65, 59, 46, 10, 15, 9, 30, 58, 58, 46, 58, 0, 65, 29, 21, 36, 11, 16, 79, 27, 16, 41, 27, 60, 53, 32, 24, 63, 43, 14, 84, 51]"
juli,1,[62]
julukan,1,[41]
jum,1,[51]
jumat,1,[17]
jumlah,2,"[62, 29]"
jump,1,[10]
jumpai,1,[10]
juni,1,[55]
juruh,2,"[74, 74]"
justitie,1,[52]
ka,1,[20]
kab,5,"[17, 1, 3, 2, 11]"
kabupaten,14,"[12, 34, 2, 0, 58, 15, 6, 5, 14, 72, 70, 3, 34, 8]"
kaca,3,"[14, 14, 14]"
kacang,4,"[36, 73, 83, 72]"
kadeso,1,[16]
kafe,2,"[34, 35]"
kak,2,"[39, 39]"
kakao,1,[18]
kaki,4,"[14, 24, 2, 59]"
kalah,1,[14]
kalangan,1,[25]
kalau,4,"[6, 4, 6, 5]"
kali,2,"[70, 47]"
kalian,1,[6]
kalijaga,3,"[64, 64, 64]"
kaliurip,4,"[13, 13, 13, 13]"
kaliwungu,1,[5]
kami,1,[73]
kamis,1,[17]
kampoeng,3,"[18, 18, 18]"
kampung,10,"[11, 85, 85, 11, 59, 59, 59, 68, 11, 60]"
kamu,6,"[13, 71, 7, 0, 11, 71]"
kan,1,[11]
kanan,1,[31]
kandri,3,"[42, 67, 42]"
kangen,1,[0]
kanguru,1,[54]
kantor,1,[62]
kaos,1,[24]
karaoke,1,[24]
karena,9,"[2, 19, 59, 78, 62, 47, 81, 43, 41]"
karet,1,[18]
karya,1,[62]
kata,2,"[64, 37]"
katolik,2,"[22, 12]"
kauman,1,[59]
kawasan,14,"[59, 31, 59, 39, 15, 76, 54, 51, 63, 59, 30, 59, 55, 80]"
kaya,1,[83]
kayana,1,[0]
kayangan,1,[39]
kayu,4,"[68, 22, 64, 81]"
ke,31,"[15, 30, 40, 43, 14, 59, 39, 15, 47, 16, 4, 72, 59, 3, 38, 47, 5, 3, 59, 5, 61, 71, 6, 6, 68, 36, 13, 6, 78, 6, 77]"
kearah,1,[31]
keberangkatan,1,[46]
keberanian,1,[41]
kebersihannya,1,[17]
kebondowo,1,[25]
kebudayaan,3,"[59, 59, 65]"
kebun,1,[7]
kec,1,[10]
kecamatan,14,"[12, 67, 19, 17, 5, 8, 30, 22, 2, 25, 38, 14, 49, 13]"
kecap,1,[82]
keceh,3,"[60, 5, 6]"
kedai,1,[54]
kedalaman,3,"[13, 17, 23]"
kedamaian,1,[8]
kedua,1,[3]
keempat,1,[3]
kegiatan,1,[56]
kegigihannya,1,[41]
keheningan,1,[8]
keindahan,2,"[15, 53]"
kejauhan,1,[66]
keji,1,[33]
kekayaan,1,[54]
kelapa,1,[80]
keliling,2,"[85, 46]"
kelima,1,[3]
kelinci,2,"[6, 6]"
keluarga,13,"[24, 24, 60, 60, 54, 5, 9, 3, 10, 36, 61, 33, 9]"
kelurahan,2,"[67, 22]"
kembali,3,"[48, 47, 44]"
kembang,1,[81]
kembar,2,"[37, 37]"
kemdikbud,1,[59]
kementrian,1,[59]
kemiri,1,[13]
kempleng,2,"[75, 75]"
kemudian,5,"[64, 62, 83, 38, 47]"
kenang,1,[46]
kenangan,1,[57]
kenapa,1,[12]
kendaraan,4,"[26, 53, 58, 13]"
kendati,1,[55]
kental,1,[35]
kenyang,1,[5]
keong,3,"[72, 72, 72]"
kepada,1,[47]
kepala,1,[55]
kepang,1,[16]
kepenatan,1,[27]
kepeng,3,"[68, 68, 68]"
kepoin,1,[69]
kera,3,"[64, 64, 64]"
kerajinan,2,"[58, 16]"
keramaian,1,[8]
keramik,1,[50]
keren,1,[11]
kerep,4,"[12, 12, 22, 22]"
kereta,5,"[63, 20, 20, 20, 62]"
kering,1,[86]
keripik,1,[3]
kerupuk,1,[82]
kesatu,1,[3]
kesejukan,1,[23]
keseneng,1,[21]
kesenian,5,"[65, 65, 16, 16, 65]"
kesibukan,1,[27]
kesultanan,1,[1]
ketagihan,1,[72]
ketan,2,"[80, 43]"
ketiga,2,"[51, 3]"
ketika,1,[39]
ketinggian,9,"[14, 34, 66, 21, 49, 13, 6, 21, 34]"
keturunan,2,"[48, 47]"
keunikan,1,[81]
khas,19,"[40, 86, 50, 76, 84, 47, 35, 13, 78, 69, 71, 35, 63, 27, 44, 70, 85, 59, 37]"
khusus,3,"[59, 36, 14]"
kiai,1,[48]
kidcastle,1,[28]
kilometer,1,[20]
kincir,1,[15]
kingkong,1,[6]
kini,2,"[44, 1]"
kirinya,1,[31]
kisah,1,[64]
klasik,1,[44]
klenteng,9,"[39, 47, 47, 39, 47, 39, 39, 47, 47]"
klik,1,[43]
klinkhamer,1,[62]
km,7,"[33, 18, 30, 61, 26, 58, 77]"
kolam,16,"[17, 17, 5, 54, 6, 17, 27, 54, 17, 60, 23, 34, 18, 17, 17, 50]"
koleksi,4,"[51, 26, 46, 52]"
kolonial,3,"[57, 20, 52]"
komplek,2,"[29, 62]"
kompleks,1,[29]
komplit,3,"[9, 34, 43]"
komunitas,1,[59]
kondisi,1,[21]
kondisinya,1,[2]
konfigurasi,1,[44]
kong,1,[47]
konsep,2,"[54, 54]"
konservasi,1,[54]
konstruksi,1,[2]
kontur,1,[66]
kopeng,6,"[10, 24, 10, 10, 24, 24]"
kopi,9,"[18, 71, 31, 18, 18, 71, 71, 16, 18]"
kopyok,1,[82]
korban,1,[57]
korea,1,[9]
kota,46,"[40, 39, 59, 59, 60, 59, 26, 36, 38, 26, 59, 59, 56, 63, 55, 25, 54, 30, 38, 59, 43, 46, 38, 58, 67, 58, 38, 85, 67, 41, 55, 20, 44, 47, 31, 59, 59, 42, 64, 20, 80, 24, 86, 60, 53, 59]"
kotor,2,"[42, 42]"
kremes,1,[79]
kreo,3,"[64, 64, 64]"
kripik,1,[42]
krunya,1,[47]
ktp,1,[46]
kuah,1,[74]
kuat,1,[29]
kubis,1,[83]
kuda,2,"[29, 24]"
kudapan,3,"[70, 77, 84]"
kuil,1,[47]
kuliner,8,"[63, 13, 63, 3, 43, 61, 68, 3]"
kulineran,1,[9]
kuning,1,[69]
kunjungi,9,"[27, 42, 35, 24, 34, 49, 18, 47, 54]"
kuno,4,"[20, 62, 52, 20]"
kurang,3,"[29, 26, 30]"
kuuyyyy,1,[6]
kuy,1,[69]
kwan,1,[50]
labil,1,[55]
labirin,1,[11]
lagi,5,"[4, 28, 59, 36, 15]"
lain,14,"[54, 54, 54, 60, 59, 27, 16, 54, 18, 26, 43, 43, 45, 43]"
lainnya,14,"[10, 65, 4, 81, 59, 31, 34, 3, 28, 65, 79, 2, 59, 43]"
laksamana,1,[47]
lakukan,1,[61]
lalu,2,"[10, 38]"
lama,14,"[59, 59, 59, 66, 59, 59, 55, 59, 38, 25, 55, 66, 80, 59]"
lamper,1,[41]
lampu,1,[50]
langit,4,"[14, 14, 59, 59]"
langsung,4,"[7, 38, 15, 5]"
lanjut,3,"[24, 35, 10]"
lantai,1,[52]
lapangan,9,"[63, 66, 66, 66, 66, 66, 66, 66, 66]"
lapar,1,[13]
lapis,2,"[63, 14]"
latar,1,[45]
lauk,1,[78]
laut,1,[45]
lawang,8,"[62, 62, 62, 52, 81, 57, 62, 62]"
lawe,3,"[19, 19, 19]"
layang,1,[28]
layar,1,[38]
lebat,1,[53]
lebih,12,"[62, 47, 24, 47, 35, 28, 54, 46, 27, 24, 26, 30]"
legit,1,[63]
leisure,1,[34]
lele,3,"[60, 60, 60]"
lembaran,1,[84]
lembut,1,[81]
lempengan,1,[55]
lengkap,3,"[39, 2, 15]"
lennep,1,[55]
lereng,3,"[1, 29, 31]"
lerep,5,"[16, 17, 16, 16, 3]"
letaknya,1,[34]
letjen,1,[59]
lewat,2,"[44, 27]"
lewatkan,1,[59]
lho,2,"[0, 69]"
libur,1,[51]
liburan,2,"[43, 15]"
liburanmu,1,[6]
liburannya,1,[15]
lidah,2,"[35, 23]"
lihat,1,[6]
lilin,3,"[50, 57, 57]"
lima,4,"[66, 57, 13, 63]"
limbah,1,[16]
lingkar,1,[65]
little,1,[34]
live,1,[28]
lodeh,1,[78]
lokal,1,[27]
lokasi,4,"[21, 47, 29, 55]"
lokasinya,3,"[11, 9, 38]"
lomba,2,"[56, 56]"
lombok,1,[39]
longsor,1,[47]
lontong,6,"[78, 78, 78, 78, 78, 83]"
luar,2,"[25, 12]"
luas,6,"[66, 24, 54, 27, 28, 67]"
lukisan,1,[65]
lumer,1,[70]
lumina,2,"[45, 45]"
lumpia,1,[84]
lunak,1,[79]
lupa,2,"[2, 69]"
mabur,1,[37]
macam,2,"[73, 78]"
mada,1,[84]
maerakaca,2,"[45, 45]"
maerokoco,4,"[58, 53, 58, 53]"
magelang,2,"[26, 24]"
magnet,1,[12]
mahsyur,1,[64]
main,2,"[6, 6]"
majapahit,1,[2]
maka,3,"[59, 74, 64]"
makam,1,[41]
makamnya,1,[1]
makan,3,"[72, 68, 42]"
makanan,10,"[32, 86, 73, 68, 82, 37, 70, 16, 37, 54]"
makin,1,[5]
maksimal,1,[14]
malam,3,"[63, 59, 63]"
mampir,2,"[6, 72]"
mampirlah,1,[3]
mana,1,[59]
mancur,1,[38]
mandiri,1,[59]
mangkang,1,[54]
mangreho,1,[64]
mangrove,2,"[53, 53]"
manis,8,"[81, 74, 81, 74, 74, 86, 72, 82]"
mantap,3,"[71, 78, 69]"
marba,1,[59]
mari,2,"[71, 8]"
maria,9,"[22, 22, 8, 12, 12, 12, 22, 8, 22]"
marina,2,"[61, 61]"
marine,1,[34]
marmer,1,[44]
masa,4,"[38, 57, 59, 1]"
masakan,4,"[27, 78, 5, 35]"
maschaappij,1,[62]
masih,6,"[28, 55, 34, 59, 14, 70]"
masing,2,"[58, 58]"
masjid,10,"[48, 49, 48, 1, 49, 49, 49, 48, 64, 48]"
massa,1,[44]
masuk,4,"[36, 28, 38, 17]"
masyarakat,5,"[62, 2, 47, 47, 78]"
mata,3,"[17, 27, 21]"
matahari,3,"[25, 27, 25]"
mataram,1,[84]
mau,3,"[9, 6, 6]"
maulana,1,[48]
maupun,1,[52]
mbak,1,[72]
mbok,1,[73]
meeting,1,[18]
megah,2,"[47, 62]"
meh,4,"[78, 78, 78, 78]"
meja,1,[68]
mejadi,1,[55]
melakukan,2,"[22, 28]"
melalui,1,[27]
melanda,1,[67]
melatih,1,[58]
melawan,1,[41]
melayu,1,[59]
meleleh,1,[70]
melepas,1,[28]
melepaskan,1,[27]
melewati,2,"[21, 27]"
melewatkan,1,[71]
melihat,2,"[36, 52]"
meliputi,1,[47]
meliuk,1,[17]
melompat,1,[14]
melukis,1,[42]
memacu,2,"[9, 17]"
memadukan,1,[54]
memahami,1,[26]
memamerkan,2,"[38, 20]"
memancing,1,[61]
memandang,1,[27]
memanfaatkan,2,"[38, 29]"
memanjakan,2,"[23, 35]"
membakar,1,[57]
membangun,1,[64]
membangunnya,1,[47]
membawa,1,[20]
membeli,1,[36]
membelinya,1,[82]
memberi,2,"[42, 8]"
membuat,10,"[74, 34, 66, 42, 25, 3, 3, 66, 38, 43]"
membuka,1,[77]
memilih,1,[75]
memiliki,16,"[39, 16, 50, 67, 29, 18, 21, 49, 24, 28, 80, 74, 46, 24, 62, 17]"
meminta,1,[64]
memperingati,1,[57]
mempertahankan,1,[26]
memudahkan,1,[20]
memutuskan,1,[47]
menaiki,4,"[14, 46, 53, 63]"
menampilkan,2,"[38, 38]"
menanam,2,"[43, 43]"
menantang,2,"[10, 10]"
menantu,1,[41]
menara,6,"[62, 15, 49, 49, 49, 49]"
menarik,9,"[2, 36, 3, 31, 4, 59, 30, 40, 69]"
menawarkan,10,"[25, 35, 42, 34, 33, 66, 20, 45, 23, 13]"
mencapai,1,[66]
mencari,1,[64]
menceritakan,1,[57]
mencicip,1,[72]
mencicipi,4,"[16, 43, 61, 63]"
mencoba,1,[69]
mendapat,1,[41]
mendapatkan,2,"[25, 54]"
menegangkan,3,"[14, 14, 10]"
menenangkan,1,[8]
menetap,1,[47]
menetapkan,1,[59]
mengabadikan,1,[27]
mengadopsi,1,[44]
mengalami,1,[47]
mengantarkan,1,[39]
mengasyikkan,1,[59]
mengatasi,2,"[55, 67]"
mengelilingi,2,"[67, 63]"
mengenai,1,[54]
mengenal,2,"[62, 66]"
mengenang,1,[26]
menggelar,1,[39]
menggunakan,5,"[14, 10, 68, 14, 55]"
menghabiskan,5,"[33, 60, 25, 15, 34]"
menghangatkan,2,"[71, 85]"
menghormati,1,[47]
menghubungi,1,[43]
mengikuti,2,"[18, 59]"
mengubah,1,[20]
mengunjungi,4,"[29, 39, 33, 59]"
menikah,1,[47]
menikmati,8,"[31, 21, 59, 20, 36, 7, 56, 53]"
meninggalkan,1,[47]
menit,3,"[66, 53, 60]"
menjadi,14,"[79, 56, 23, 26, 33, 18, 15, 38, 12, 77, 66, 74, 60, 42]"
menjadikan,1,[34]
menjaga,1,[64]
menjajal,2,"[43, 11]"
menjelajahi,1,[67]
menjelang,1,[30]
menjual,2,"[63, 58]"
menjumpai,2,"[56, 63]"
mentah,1,[83]
menteri,1,[83]
menu,1,[78]
menuju,3,"[21, 61, 27]"
menunjukkan,2,"[46, 44]"
menurun,1,[27]
menurut,2,"[62, 48]"
menyajikan,3,"[36, 35, 27]"
menyaksikan,1,[16]
menyambut,1,[40]
menyebutnya,1,[2]
menyediakan,7,"[27, 26, 32, 30, 60, 32, 79]"
menyenangkan,4,"[42, 27, 28, 23]"
menyerupai,1,[78]
menyewa,1,[61]
menyimpan,4,"[51, 52, 26, 51]"
menyuguhkan,1,[15]
menyukai,1,[59]
menyusuri,3,"[39, 59, 53]"
merah,3,"[56, 47, 7]"
merangkum,1,[58]
merapat,1,[71]
merapi,1,[27]
merasakan,2,"[13, 38]"
merbabu,2,"[27, 24]"
merek,1,[80]
mereka,2,"[47, 25]"
merlion,1,[15]
merubah,1,[44]
merupakan,20,"[59, 59, 63, 78, 76, 62, 22, 26, 66, 60, 29, 52, 54, 64, 17, 49, 34, 32, 29, 20]"
meski,1,[42]
meskipun,1,[82]
meter,11,"[12, 23, 23, 47, 49, 45, 9, 11, 22, 13, 17]"
mewakili,1,[59]
mexico,1,[45]
mie,4,"[72, 82, 82, 73]"
mijen,1,[77]
milik,1,[51]
milimeter,1,[14]
militer,1,[20]
minggu,3,"[3, 17, 16]"
mini,1,[58]
miniatur,3,"[45, 15, 58]"
minuman,5,"[36, 68, 85, 16, 85]"
misalnya,1,[65]
modern,2,"[52, 76]"
moment,1,[27]
monggo,1,[71]
montor,1,[37]
monumen,3,"[57, 26, 57]"
mpdl,1,[34]
mpu,1,[59]
muda,7,"[52, 52, 62, 57, 61, 57, 56]"
mudah,3,"[9, 82, 61]"
mulai,5,"[51, 23, 77, 36, 68]"
mulut,1,[70]
munadi,1,[1]
muncar,1,[19]
muncul,3,"[30, 30, 30]"
murah,1,[54]
museum,24,"[46, 20, 46, 49, 20, 46, 20, 26, 52, 51, 51, 38, 51, 38, 38, 20, 20, 51, 46, 26, 51, 38, 54, 26]"
music,1,[28]
musik,1,[65]
musim,1,[69]
muslim,1,[47]
mystica,2,"[8, 8]"
naga,3,"[50, 50, 50]"
naik,2,"[67, 6]"
nama,4,"[70, 46, 75, 29]"
namanya,1,[78]
namun,3,"[29, 81, 21]"
nangka,1,[80]
nanti,1,[13]
nasi,4,"[63, 63, 43, 73]"
nasional,2,"[59, 51]"
natha,1,[40]
ndeso,2,"[43, 16]"
nederlandsch,1,[62]
negara,2,"[45, 26]"
negeri,2,"[12, 50]"
ngampin,3,"[74, 74, 74]"
ngecamp,1,[0]
nggak,1,[0]
ngipik,1,[16]
ngisor,1,[10]
night,1,[59]
nih,1,[0]
nikmat,1,[81]
nikmatnya,1,[71]
nilai,1,[46]
nis,1,[62]
nism,1,[55]
no,7,"[80, 46, 77, 75, 32, 38, 66]"
nongkrongnya,1,[65]
nuansa,4,"[27, 40, 66, 33]"
nya,2,"[69, 33]"
nyaman,2,"[59, 33]"
nyata,1,[5]
nyatnyono,1,[1]
obat,1,[32]
objek,2,"[26, 30]"
obyek,1,[58]
official,1,[54]
oh,3,"[6, 68, 11]"
olah,2,"[38, 31]"
olahan,3,"[36, 79, 79]"
olahraga,2,"[40, 66]"
oleh,28,"[24, 77, 77, 63, 9, 80, 55, 47, 80, 63, 9, 58, 51, 48, 59, 55, 84, 47, 67, 84, 29, 47, 47, 44, 79, 24, 43, 79]"
on,3,"[7, 36, 36]"
ondo,1,[14]
one,1,[18]
onionsand,1,[82]
onthel,1,[43]
oom,1,[69]
opor,2,"[78, 78]"
orang,12,"[23, 14, 65, 17, 54, 7, 63, 13, 82, 36, 51, 25]"
organik,2,"[32, 32]"
otak,2,"[79, 79]"
oudestad,1,[59]
oudetrap,1,[59]
out,1,[28]
outbond,1,[18]
outbound,3,"[23, 24, 27]"
outdoor,3,"[34, 18, 28]"
outlet,4,"[77, 77, 77, 77]"
package,1,[18]
pada,30,"[48, 67, 44, 55, 48, 55, 65, 59, 63, 51, 2, 33, 2, 21, 62, 47, 44, 81, 29, 48, 59, 41, 22, 57, 1, 78, 44, 20, 50, 55]"
padat,1,[76]
padi,1,[43]
padusan,2,"[30, 30]"
pagi,3,"[25, 16, 82]"
pagoda,2,"[47, 50]"
pahlawan,1,[26]
paintball,2,"[24, 27]"
pak,3,"[82, 75, 75]"
pakaian,2,"[42, 26]"
paket,3,"[20, 34, 43]"
pala,1,[31]
palagan,1,[26]
paling,1,[46]
pameran,3,"[65, 65, 62]"
pamularsih,1,[77]
panas,1,[70]
pancasila,1,[63]
pandan,2,"[48, 80]"
pandanaran,4,"[80, 84, 79, 57]"
panen,1,[42]
panggang,1,[79]
panggung,2,"[21, 44]"
pangus,1,[16]
panjang,1,[22]
panorama,5,"[67, 30, 7, 6, 25]"
pantai,4,"[53, 61, 61, 61]"
para,7,"[27, 41, 30, 66, 23, 26, 65]"
paralayang,1,[34]
park,1,[6]
paru,1,[75]
pas,1,[33]
pasar,4,"[48, 24, 16, 3]"
pasir,2,"[70, 54]"
pasti,2,"[66, 10]"
pati,1,[68]
patimura,1,[35]
patung,6,"[50, 12, 22, 15, 50, 22]"
patut,1,[34]
paviliun,2,"[58, 58]"
pecel,6,"[73, 73, 63, 43, 72, 72]"
pecinan,2,"[59, 39]"
pecinta,3,"[71, 25, 71]"
pedas,1,[72]
pedesaan,1,[35]
pedestrian,1,[59]
pegunungan,4,"[27, 27, 25, 20]"
pejuang,1,[41]
pekan,5,"[33, 9, 59, 34, 60]"
pelangi,1,[9]
pelat,1,[55]
peletakan,1,[55]
pemadatan,1,[55]
pemancingan,2,"[30, 28]"
pemandangan,10,"[35, 23, 31, 21, 34, 25, 66, 33, 31, 0]"
pemandian,4,"[30, 30, 30, 30]"
pemanfaatan,1,[16]
pembacaan,1,[65]
pembangunan,2,"[67, 55]"
pembeli,1,[75]
pembersihan,1,[17]
pembibitan,1,[30]
pembuatan,1,[43]
pembusukan,1,[47]
pementasan,1,[65]
pemerintahan,1,[59]
pemimpin,1,[48]
pemuda,1,[84]
penanaman,1,[18]
penasaran,2,"[72, 14]"
penat,1,[28]
pendeta,1,[44]
pendidikan,1,[59]
pendiri,1,[51]
penduduk,1,[47]
pengadilan,1,[52]
pengaman,1,[14]
penganan,1,[84]
pengelola,1,[43]
pengemasan,1,[18]
pengetahuan,1,[54]
penggemar,2,"[36, 27]"
penginapan,4,"[33, 4, 60, 34]"
pengolahan,3,"[36, 16, 18]"
pengunjung,22,"[35, 20, 54, 36, 28, 58, 36, 22, 18, 67, 36, 35, 43, 15, 31, 38, 14, 23, 34, 43, 40, 14]"
penikmat,1,[66]
pening,4,"[27, 25, 20, 25]"
peninggalan,5,"[62, 52, 29, 59, 1]"
penjaga,1,[64]
penjagaan,1,[27]
penjajah,1,[41]
penjelajah,1,[47]
penjualan,2,"[80, 79]"
penopang,1,[22]
penuh,2,"[45, 16]"
penyiar,1,[1]
peot,1,[46]
pepes,1,[79]
pepohonan,1,[56]
per,2,"[13, 36]"
perahu,4,"[67, 58, 53, 61]"
perairan,1,[67]
peranakan,1,[78]
perayaan,1,[78]
perbukitan,3,"[40, 66, 67]"
perdagangan,2,"[63, 55]"
perjalanan,3,"[53, 31, 59]"
perjuangan,1,[52]
perkebunan,5,"[36, 27, 31, 32, 0]"
perkembangan,1,[49]
perlu,1,[15]
permainan,7,"[10, 23, 58, 24, 28, 23, 17]"
permen,2,"[3, 36]"
pernah,4,"[51, 72, 48, 2]"
perosotan,3,"[17, 9, 23]"
perpaduan,3,"[72, 72, 74]"
persawahan,1,[21]
persegi,1,[47]
persimpangan,1,[57]
pertama,3,"[70, 55, 47]"
pertamakali,1,[20]
pertamanya,1,[44]
pertempuran,4,"[57, 26, 57, 57]"
pertemuan,2,"[40, 24]"
pertolongan,2,"[57, 57]"
pertunjukan,1,[65]
perusahaan,1,[51]
pesan,1,[5]
pesawat,1,[54]
pesona,2,"[12, 12]"
peta,1,[44]
peternakan,1,[36]
petik,3,"[7, 7, 0]"
petir,1,[48]
petis,4,"[83, 86, 63, 86]"
petualangan,1,[59]
pewayangan,1,[37]
peziarah,3,"[41, 1, 22]"
phoenix,1,[50]
pikiran,1,[3]
pilihan,4,"[77, 56, 13, 15]"
pindang,1,[78]
pinggir,1,[26]
pintu,3,"[59, 62, 62]"
piramida,1,[49]
piring,1,[78]
pjka,1,[28]
playground,1,[28]
plein,1,[57]
pln,1,[82]
pokdarwis,1,[16]
pon,1,[3]
poncol,1,[80]
pondasi,1,[47]
pong,1,[86]
poo,1,[47]
populer,1,[25]
porsi,2,"[75, 78]"
pos,1,[27]
potongan,1,[83]
prabu,1,[2]
praktis,1,[69]
prestasi,1,[51]
presto,3,"[79, 79, 79]"
pribadi,1,[58]
produk,2,"[36, 58]"
produksi,1,[76]
prof,1,[62]
proses,1,[36]
provinsi,2,"[47, 46]"
prpp,2,"[58, 53]"
pseudo,1,[44]
pt,1,[51]
puasa,1,[30]
pudji,2,"[77, 77]"
puisi,1,[65]
pukul,5,"[51, 51, 68, 17, 36]"
pula,6,"[50, 23, 62, 35, 2, 63]"
pun,2,"[64, 35]"
puncak,1,[16]
punya,3,"[78, 12, 11]"
pupuk,1,[32]
pura,2,"[40, 40]"
puri,2,"[53, 0]"
purwodinatan,1,[38]
purworejo,3,"[13, 13, 13]"
pusat,16,"[60, 55, 47, 59, 80, 58, 9, 62, 79, 53, 65, 25, 24, 20, 36, 80]"
putih,6,"[19, 19, 69, 76, 82, 54]"
putranya,1,[1]
putri,1,[55]
queendag,1,[62]
raad,1,[52]
rabu,1,[17]
racikan,1,[83]
raden,2,"[48, 65]"
raffles,1,[29]
raga,1,[31]
ragam,1,[61]
rahman,1,[46]
raja,2,"[2, 20]"
rajangan,1,[83]
raksasa,3,"[6, 67, 6]"
ramai,3,"[41, 1, 59]"
rame,2,"[5, 5]"
ranch,1,[34]
ranggawarsita,3,"[46, 46, 46]"
rangka,1,[57]
rapat,1,[35]
rapi,1,[59]
rasa,9,"[74, 78, 76, 72, 74, 77, 74, 74, 80]"
rasanya,1,[10]
ratus,1,[9]
ratusan,1,[59]
rawa,5,"[27, 25, 25, 20, 55]"
rawit,1,[69]
raya,5,"[26, 10, 18, 49, 77]"
real,1,[34]
rebana,1,[16]
rebung,2,"[84, 84]"
reco,2,"[14, 14]"
recreation,1,[34]
referensi,1,[4]
reguler,2,"[59, 28]"
rekor,2,"[51, 51]"
rekreasi,5,"[60, 36, 61, 54, 20]"
rel,2,"[81, 81]"
relaksasi,1,[3]
religi,2,"[40, 1]"
remah,1,[82]
remaja,1,[17]
rempah,2,"[81, 81]"
renang,8,"[34, 17, 5, 27, 28, 18, 17, 17]"
renovasi,3,"[44, 44, 44]"
renyah,1,[86]
reog,1,[16]
representasi,1,[57]
reservasi,3,"[43, 35, 16]"
residen,1,[48]
resmi,4,"[47, 49, 27, 54]"
resor,2,"[33, 35]"
resort,5,"[18, 27, 27, 28, 24]"
restaurant,1,[18]
resto,4,"[23, 4, 10, 27]"
restoran,5,"[33, 27, 32, 35, 24]"
ribu,1,[13]
ribuan,1,[15]
rica,1,[72]
rindang,1,[56]
ritual,2,"[30, 30]"
ritus,2,"[40, 40]"
robusta,1,[71]
roda,1,[13]
rombongan,1,[9]
rong,1,[27]
rosa,2,"[8, 8]"
roti,2,"[85, 81]"
rowoboni,2,"[30, 2]"
rp,7,"[28, 36, 28, 28, 17, 68, 28]"
rt,2,"[16, 17]"
ruang,2,"[35, 62]"
rukun,1,[16]
rumah,9,"[58, 44, 45, 59, 11, 45, 58, 45, 45]"
runtuh,1,[47]
rupiah,1,[13]
rusa,1,[54]
rustam,1,[20]
rutin,1,[30]
rw,1,[17]
saat,8,"[2, 44, 25, 70, 13, 8, 55, 77]"
sabtu,1,[17]
sadranan,1,[16]
saja,4,"[17, 3, 9, 15]"
saking,1,[6]
salah,8,"[60, 66, 46, 64, 77, 82, 73, 82]"
salatiga,2,"[24, 30]"
saleh,2,"[65, 46]"
salib,2,"[22, 22]"
salim,1,[48]
saling,1,[37]
salju,1,[11]
sam,1,[47]
sama,1,[44]
sambal,2,"[69, 78]"
sambaran,1,[48]
sambil,4,"[7, 14, 26, 20]"
sambirejo,1,[49]
sampai,7,"[47, 50, 64, 51, 71, 30, 9]"
samping,2,"[58, 59]"
sana,2,"[61, 0]"
sanctuary,1,[28]
sang,1,[2]
sangat,12,"[59, 30, 24, 27, 54, 33, 61, 76, 48, 71, 21, 70]"
sanjaya,1,[29]
santan,1,[74]
santorini,1,[45]
santoso,1,[16]
saos,1,[84]
sapi,3,"[42, 75, 16]"
sapu,1,[43]
sari,1,[85]
sate,3,"[75, 75, 75]"
satu,13,"[77, 78, 64, 76, 66, 82, 60, 20, 46, 75, 30, 82, 73]"
satunya,1,[20]
satwa,3,"[54, 54, 54]"
saus,3,"[73, 83, 82]"
sawah,3,"[33, 16, 30]"
sayur,2,"[78, 32]"
sayuran,5,"[73, 32, 24, 72, 32]"
sebagai,22,"[47, 40, 56, 76, 46, 20, 24, 59, 28, 65, 52, 47, 66, 62, 57, 48, 30, 62, 43, 1, 61, 62]"
sebelah,4,"[45, 27, 55, 54]"
sebelum,2,"[76, 55]"
sebelumnya,1,[55]
seberang,1,[57]
sebligo,1,[3]
sebuah,6,"[35, 59, 52, 27, 64, 26]"
sebutan,1,[62]
secangkir,1,[18]
secara,2,"[30, 46]"
sedap,1,[78]
sedikit,1,[74]
segar,9,"[21, 72, 32, 13, 24, 32, 7, 5, 7]"
segarnya,2,"[13, 5]"
segi,1,[44]
sehabis,1,[13]
sehari,1,[27]
sehat,2,"[32, 54]"
sehingga,9,"[37, 37, 17, 17, 29, 79, 86, 27, 81]"
sejak,6,"[75, 51, 53, 59, 22, 59]"
sejarah,11,"[62, 38, 38, 26, 26, 38, 49, 62, 46, 59, 48]"
sejauh,1,[27]
sejenis,1,[85]
sejuk,3,"[12, 32, 33]"
sejuknya,1,[27]
sejumlah,1,[15]
sekali,4,"[30, 70, 44, 43]"
sekaligus,3,"[63, 7, 40]"
sekarang,4,"[14, 47, 44, 62]"
sekilas,1,[78]
sekitar,21,"[31, 53, 34, 85, 61, 20, 52, 52, 20, 2, 6, 52, 60, 21, 37, 66, 64, 31, 33, 58, 13]"
sekitarnya,4,"[65, 76, 6, 77]"
selain,7,"[34, 32, 84, 35, 51, 53, 15]"
selalu,3,"[41, 17, 1]"
selama,2,"[31, 55]"
selasa,1,[17]
selatan,1,[5]
seledri,1,[82]
selengkapnya,4,"[33, 34, 0, 43]"
selesai,2,"[48, 5]"
selfie,1,[4]
selo,1,[10]
seluas,3,"[67, 47, 14]"
seluncuran,1,[10]
semangat,1,[57]
semarang,88,"[59, 1, 65, 38, 77, 59, 12, 2, 0, 46, 46, 42, 59, 65, 34, 59, 54, 54, 11, 64, 41, 77, 60, 55, 82, 59, 54, 36, 57, 3, 38, 17, 55, 55, 26, 40, 18, 59, 54, 18, 70, 30, 59, 3, 25, 60, 79, 62, 67, 67, 34, 5, 14, 86, 15, 39, 85, 56, 38, 63, 48, 78, 66, 38, 38, 77, 6, 63, 38, 67, 2, 59, 47, 76, 3, 66, 10, 67, 72, 80, 6, 8, 20, 59, 44, 54, 16, 43]"
semarangzoo,1,[54]
semasa,1,[41]
semawis,1,[85]
sembari,2,"[53, 8]"
sembilan,2,"[29, 29]"
semilir,3,"[9, 9, 53]"
semirang,1,[31]
semua,2,"[58, 29]"
semuanya,1,[4]
sendiri,2,"[27, 32]"
seni,2,"[33, 65]"
seniman,1,[65]
senin,2,"[51, 17]"
senjata,2,"[26, 52]"
sensasi,2,"[14, 72]"
sentra,2,"[76, 63]"
seolah,1,[38]
seorang,3,"[41, 48, 47]"
sepakung,4,"[71, 71, 14, 14]"
sepanjang,3,"[59, 45, 79]"
sepeda,6,"[31, 58, 43, 63, 28, 27]"
sepert,1,[80]
seperti,23,"[65, 24, 28, 34, 36, 58, 5, 16, 50, 63, 56, 57, 78, 23, 79, 10, 43, 40, 27, 28, 63, 75, 81]"
serabi,5,"[74, 74, 74, 74, 74]"
serangan,1,[57]
serasi,6,"[76, 76, 76, 76, 76, 69]"
seratnya,1,[19]
serbai,1,[74]
seribu,1,[62]
sering,3,"[56, 62, 56]"
serta,6,"[80, 16, 72, 15, 66, 14]"
seru,9,"[10, 10, 59, 9, 5, 60, 34, 10, 28]"
seruan,1,[10]
serundeng,1,[43]
serunya,1,[3]
serupa,1,[2]
service,1,[18]
sesuai,2,"[44, 26]"
setebal,1,[14]
setelah,3,"[47, 78, 10]"
setempat,2,"[47, 47]"
setiabudi,1,[85]
setiap,10,"[44, 16, 17, 68, 36, 3, 50, 49, 51, 17]"
setinggi,1,[12]
sewu,7,"[57, 62, 52, 62, 62, 62, 62]"
shin,1,[69]
si,1,[46]
siang,1,[39]
siapa,2,"[42, 70]"
sidomukti,5,"[34, 34, 34, 34, 34]"
sie,2,"[39, 39]"
silahkan,5,"[49, 47, 24, 35, 34]"
silakan,6,"[40, 46, 43, 42, 54, 16]"
simongan,1,[47]
simpang,2,"[66, 63]"
simpanglima,1,[83]
sin,1,[39]
sindoro,1,[27]
singa,1,[15]
singkong,4,"[70, 37, 42, 42]"
singo,1,[41]
sini,15,"[68, 3, 63, 56, 11, 11, 6, 56, 27, 13, 1, 53, 54, 46, 71]"
sisemut,1,[35]
sistem,1,[20]
situs,2,"[59, 59]"
siwarak,4,"[17, 17, 17, 17]"
skiban,2,"[10, 10]"
sky,1,[10]
sloth,1,[55]
sobat,5,"[39, 13, 11, 72, 10]"
soegiyopranoto,1,[57]
songo,4,"[2, 15, 4, 29]"
sopeardjo,1,[20]
sore,2,"[25, 68]"
sosial,1,[40]
souvenir,1,[24]
soyong,1,[16]
spa,2,"[18, 35]"
space,1,[18]
special,1,[86]
spesial,2,"[74, 3]"
spiegel,1,[59]
spikoe,1,[63]
spiritual,1,[40]
spoorweg,1,[62]
spot,8,"[59, 56, 11, 45, 11, 7, 4, 9]"
srigunting,1,[59]
sriwijaya,1,[65]
stamina,1,[29]
stasiun,5,"[55, 80, 80, 20, 55]"
stop,1,[18]
strategis,3,"[55, 9, 55]"
stroberi,4,"[7, 0, 7, 7]"
suasana,5,"[71, 35, 56, 31, 59]"
suasanya,1,[12]
subroto,1,[32]
subulussalam,1,[1]
suci,1,[47]
sudah,1,[66]
sudarso,1,[61]
sudut,4,"[59, 49, 59, 50]"
suir,1,[78]
suka,5,"[82, 6, 6, 31, 11]"
sukorejo,1,[68]
sultan,1,[41]
sumatra,1,[54]
sumber,8,"[67, 21, 73, 32, 44, 76, 55, 30]"
sumbing,1,[27]
sumowono,1,[21]
sumur,1,[21]
sunan,3,"[64, 64, 64]"
sungai,2,"[16, 30]"
sunrise,3,"[11, 16, 11]"
supeno,1,[83]
supermarket,1,[76]
suprana,2,"[51, 51]"
suprapto,1,[59]
susu,3,"[3, 36, 16]"
sutomo,1,[57]
swafoto,1,[11]
swemmelaar,1,[44]
swiss,1,[85]
syekh,2,"[1, 1]"
tadinya,1,[38]
tahu,26,"[85, 83, 69, 77, 86, 76, 76, 63, 83, 77, 83, 69, 76, 77, 63, 63, 69, 85, 69, 76, 69, 76, 76, 76, 86, 77]"
tahun,22,"[62, 39, 53, 52, 39, 22, 30, 52, 47, 44, 48, 50, 44, 77, 67, 44, 59, 59, 20, 41, 55, 75]"
tajam,1,[27]
tak,5,"[14, 48, 17, 56, 15]"
tali,1,[19]
taman,16,"[54, 65, 15, 60, 15, 58, 18, 15, 60, 13, 57, 59, 60, 6, 83, 15]"
tampak,1,[27]
tanah,6,"[49, 62, 55, 55, 47, 15]"
tanam,1,[16]
tanaman,1,[32]
tandem,1,[63]
tangan,1,[42]
tangga,1,[50]
tanggal,2,"[62, 55]"
tanjung,1,[82]
tanpa,1,[84]
tantangan,1,[66]
tantular,1,[59]
tapi,1,[51]
tari,4,"[16, 16, 16, 16]"
tarik,3,"[5, 62, 64]"
tau,1,[6]
tauge,2,"[82, 83]"
tawang,3,"[55, 80, 55]"
tay,2,"[39, 39]"
tbrs,3,"[65, 65, 65]"
teater,2,"[65, 65]"
tebing,1,[19]
teknisi,1,[55]
teknologi,2,"[20, 38]"
teksturnya,1,[81]
telah,6,"[15, 86, 59, 75, 77, 26]"
telomoyo,1,[27]
telp,4,"[16, 77, 77, 77]"
telur,3,"[78, 84, 83]"
teman,1,[13]
tempat,22,"[30, 68, 36, 33, 56, 66, 28, 47, 47, 2, 40, 22, 79, 54, 4, 34, 62, 33, 4, 22, 27, 65]"
tempo,2,"[3, 16]"
tempur,1,[26]
tenang,1,[12]
tengah,18,"[26, 38, 47, 57, 49, 20, 66, 49, 49, 10, 26, 58, 57, 46, 66, 40, 66, 66]"
tenggelam,1,[27]
tennis,1,[18]
tentang,1,[57]
tepat,1,[73]
tepatnya,5,"[26, 15, 54, 66, 57]"
tepung,1,[84]
terapi,1,[54]
terasa,1,[59]
terbaik,1,[82]
terbakar,1,[48]
terbalik,1,[11]
terbang,1,[54]
terbaru,2,"[1, 6]"
terbenam,1,[25]
terbesar,1,[49]
terbit,2,"[27, 25]"
terbuat,6,"[86, 70, 74, 84, 37, 80]"
tercinta,2,"[26, 10]"
terdapat,13,"[36, 1, 49, 78, 23, 52, 21, 16, 21, 32, 59, 32, 22]"
terdiri,5,"[82, 50, 73, 59, 83]"
terdpata,1,[49]
terjaga,1,[17]
terjangkau,5,"[76, 28, 60, 17, 13]"
terjun,9,"[19, 13, 50, 13, 31, 16, 21, 3, 37]"
terkait,1,[59]
terkenal,3,"[73, 46, 82]"
terlebih,2,"[84, 76]"
terlepas,1,[12]
terletak,30,"[75, 2, 31, 62, 34, 58, 35, 26, 66, 36, 22, 33, 29, 46, 57, 30, 45, 66, 54, 48, 82, 34, 24, 27, 20, 49, 32, 55, 67, 73]"
terluas,1,[66]
terminal,2,"[73, 54]"
ternak,1,[42]
terpasang,1,[44]
tersayang,1,[7]
tersebut,8,"[59, 64, 30, 51, 2, 55, 44, 30]"
tersedia,6,"[53, 54, 13, 56, 27, 80]"
tersendiri,2,"[66, 8]"
tersisa,1,[2]
tertarik,1,[69]
tertata,1,[59]
tertentu,3,"[65, 62, 29]"
tertua,1,[47]
terutama,2,"[48, 61]"
tetap,2,"[81, 47]"
tetapi,3,"[17, 47, 48]"
th,1,[82]
the,5,"[23, 7, 23, 36, 36]"
thoha,1,[41]
tiap,1,[39]
tidak,8,"[2, 17, 44, 15, 43, 17, 14, 81]"
tiga,3,"[47, 48, 14]"
tiket,5,"[28, 28, 28, 28, 17]"
tiketnya,1,[36]
timur,3,"[54, 77, 47]"
tinggal,3,"[47, 64, 69]"
tinggi,6,"[56, 22, 52, 22, 59, 34]"
tingkat,2,"[50, 50]"
tingkatan,1,[21]
tinjomoyo,2,"[56, 56]"
tionghoa,2,"[78, 78]"
tiongkok,2,"[50, 50]"
tirto,4,"[17, 17, 17, 17]"
tlogo,2,"[27, 27]"
tni,1,[52]
toen,1,[72]
toko,4,"[63, 33, 33, 85]"
tokoh,2,"[37, 1]"
tol,1,[9]
top,2,"[10, 10]"
topografi,1,[31]
total,1,[14]
tour,2,"[59, 3]"
touring,1,[13]
tourism,2,"[18, 18]"
tracking,2,"[31, 31]"
tradisi,2,"[39, 16]"
tradisional,8,"[27, 68, 52, 63, 16, 37, 73, 43]"
training,1,[27]
transaksinya,1,[68]
transportasi,1,[20]
tree,2,"[10, 10]"
trekking,1,[53]
trem,1,[62]
tropis,1,[27]
tua,2,"[59, 39]"
tubuh,2,"[85, 2]"
tugu,6,"[52, 61, 57, 57, 52, 62]"
tujuan,2,"[60, 61]"
tujuh,1,[50]
tulisan,1,[44]
tumbuh,1,[53]
tumenggung,1,[48]
tumpah,1,[23]
tuntang,2,"[27, 8]"
tur,1,[59]
turki,1,[45]
tusuk,1,[75]
tutup,1,[51]
udah,1,[4]
udang,4,"[86, 83, 83, 84]"
udara,3,"[7, 34, 32]"
udaranya,1,[33]
ujung,1,[5]
ulama,1,[41]
ulang,1,[38]
umat,2,"[12, 22]"
umbul,4,"[34, 34, 34, 34]"
umum,1,[58]
umumnya,2,"[81, 74]"
ungaran,18,"[31, 17, 1, 31, 27, 77, 66, 21, 29, 35, 33, 23, 20, 17, 77, 3, 35, 75]"
unik,3,"[27, 45, 48]"
unremiting,1,[57]
unsur,2,"[47, 47]"
untuk,49,"[27, 59, 31, 13, 43, 13, 35, 34, 36, 43, 65, 2, 15, 64, 29, 3, 64, 16, 38, 4, 17, 17, 14, 35, 47, 61, 34, 67, 27, 47, 60, 39, 20, 33, 54, 39, 21, 56, 55, 59, 25, 54, 6, 21, 58, 1, 24, 33, 23]"
upacara,1,[39]
urab,1,[43]
utama,6,"[59, 27, 20, 27, 17, 49]"
utan,1,[54]
utara,4,"[27, 55, 45, 55]"
valley,2,"[36, 36]"
van,2,"[55, 52]"
varian,3,"[71, 69, 80]"
vendor,1,[82]
view,1,[27]
vila,2,"[33, 33]"
villa,1,[9]
virtual,1,[38]
waduk,4,"[67, 67, 67, 67]"
wafat,3,"[41, 22, 1]"
wah,1,[78]
wahana,11,"[24, 9, 34, 23, 17, 9, 5, 23, 10, 28, 14]"
waktu,2,"[25, 47]"
walking,1,[59]
warisan,1,[20]
warna,2,"[45, 47]"
warnai,1,[6]
waroeng,1,[85]
warung,2,"[72, 82]"
water,1,[54]
waterpark,6,"[28, 24, 24, 28, 24, 28]"
watu,2,"[3, 6]"
wayang,2,"[65, 65]"
website,6,"[27, 18, 16, 47, 49, 33]"
websitenya,1,[24]
wedang,1,[85]
westmaas,1,[44]
wib,3,"[51, 51, 17]"
wijen,1,[81]
wilayah,1,[55]
wilde,1,[44]
wilhelmina,2,"[57, 55]"
wilhelmus,1,[44]
willem,1,[20]
wingko,3,"[80, 80, 80]"
wisata,49,"[43, 16, 6, 30, 16, 54, 34, 16, 30, 2, 13, 31, 13, 36, 31, 54, 3, 13, 15, 7, 43, 24, 1, 32, 69, 3, 40, 46, 58, 29, 76, 18, 18, 16, 26, 64, 56, 60, 21, 17, 4, 9, 42, 26, 34, 5, 42, 62, 1]"
wisatawan,5,"[77, 53, 30, 53, 26]"
wonolopo,1,[43]
woro,2,"[5, 5]"
wuih,1,[6]
ya,9,"[11, 71, 13, 68, 69, 7, 68, 10, 40]"
yaaa,1,[2]
yag,1,[86]
yaitu,8,"[17, 14, 37, 46, 77, 62, 28, 16]"
yakni,1,[29]
yang,191,"[86, 35, 35, 36, 33, 43, 84, 86, 84, 85, 34, 33, 38, 2, 40, 32, 43, 35, 36, 42, 39, 34, 34, 1, 33, 39, 35, 32, 35, 38, 35, 37, 85, 42, 40, 53, 32, 59, 20, 74, 59, 74, 19, 59, 74, 19, 59, 74, 18, 59, 60, 18, 73, 19, 36, 20, 59, 23, 56, 82, 76, 56, 22, 57, 9, 22, 57, 9, 58, 21, 21, 21, 58, 21, 73, 23, 61, 17, 66, 15, 66, 12, 66, 70, 66, 65, 12, 14, 67, 14, 67, 14, 67, 67, 13, 65, 64, 16, 62, 72, 17, 62, 62, 62, 16, 11, 72, 63, 16, 71, 16, 63, 71, 16, 64, 62, 56, 23, 55, 29, 29, 29, 29, 29, 47, 81, 81, 28, 28, 47, 28, 47, 47, 27, 77, 28, 48, 30, 81, 31, 31, 44, 3, 44, 44, 44, 45, 31, 44, 44, 44, 30, 82, 45, 30, 30, 48, 5, 52, 26, 49, 25, 6, 53, 25, 25, 54, 54, 54, 54, 24, 54, 77, 55, 52, 26, 59, 51, 51, 26, 27, 26, 27, 27, 27, 79, 27, 27, 27, 49, 26]"
yesus,1,[22]
yos,1,[61]
youghurt,1,[36]
yuk,5,"[0, 6, 3, 46, 69]"
yunani,2,"[45, 49]"
ziarah,1,[22]
zipcoaster,1,[10]
zona,1,[17]
zoo,3,"[54, 54, 54]"
